id,name,smiles,layer,n_heavy,kind,reason
A2_b6b55cd18d,fluoranthene+OCH3,COc1cccc2c1-c1cccc3cccc-2c13,A2,18,4ar-fused|carbo|sub:CO,weak+uncovered
A2_c7a2b0bc94,pyrene+CHO,O=Cc1cc2cccc3ccc4cccc1c4c32,A2,18,4ar-fused|carbo|sub:CO,weak+uncovered
A2_eaae9f1a44,fluoranthene+CHO,O=Cc1ccc2c3c(cccc13)-c1ccccc1-2,A2,18,4ar-fused|carbo|sub:CO,weak+uncovered
A2_f304bb6062,fluoranthene+CHO,O=Cc1cc2c3c(cccc3c1)-c1ccccc1-2,A2,18,4ar-fused|carbo|sub:CO,weak+uncovered
A2_f9b2722b8a,pyrene+OCH3,COc1ccc2ccc3cccc4ccc1c2c34,A2,18,4ar-fused|carbo|sub:CO,weak+uncovered
A2_553c8ddb41,fluoranthene+COOH,O=C(O)c1cccc2c1-c1cccc3cccc-2c13,A2,19,4ar-fused|carbo|sub:CO,weak+uncovered
A2_597ca3a188,fluoranthene+COOH,O=C(O)c1ccc2c3c(cccc13)-c1ccccc1-2,A2,19,4ar-fused|carbo|sub:CO,weak+uncovered
A2_98c1073ef0,fluoranthene+COOH,O=C(O)c1cc2c3c(cccc3c1)-c1ccccc1-2,A2,19,4ar-fused|carbo|sub:CO,weak+uncovered
A2_b39e6cf214,pyrene+COOH,O=C(O)c1cc2cccc3ccc4cccc1c4c32,A2,19,4ar-fused|carbo|sub:CO,weak+uncovered
A2_cd64f680b2,pyrene+COOH,O=C(O)c1cc2ccc3cccc4ccc(c1)c2c34,A2,19,4ar-fused|carbo|sub:CO,weak+uncovered
A2_fab336d5fd,fluoranthene+COOH,O=C(O)c1ccc2c(c1)-c1cccc3cccc-2c13,A2,19,4ar-fused|carbo|sub:CO,weak+uncovered
A2_800f481933,pyrene+ethynyl,C#Cc1cc2ccc3cccc4ccc(c1)c2c34,A2,18,4ar-fused|carbo|sub:C,weak+uncovered
A2_86a2f7cf13,pyrene+ethynyl,C#Cc1cc2cccc3ccc4cccc1c4c32,A2,18,4ar-fused|carbo|sub:C,weak+uncovered
A2_86becf1c37,fluoranthene+vinyl,C=Cc1ccc2c(c1)-c1cccc3cccc-2c13,A2,18,4ar-fused|carbo|sub:C,weak+uncovered
A2_915c7117ee,fluoranthene+ethynyl,C#Cc1ccc2c3c(cccc13)-c1ccccc1-2,A2,18,4ar-fused|carbo|sub:C,weak+uncovered
A2_92e0f6cc38,fluoranthene+vinyl,C=Cc1cccc2c1-c1cccc3cccc-2c13,A2,18,4ar-fused|carbo|sub:C,weak+uncovered
A2_94e8868d57,fluoranthene+vinyl,C=Cc1cc2c3c(cccc3c1)-c1ccccc1-2,A2,18,4ar-fused|carbo|sub:C,weak+uncovered
A2_b7d1ff2fc0,pyrene+ethynyl,C#Cc1ccc2ccc3cccc4ccc1c2c34,A2,18,4ar-fused|carbo|sub:C,weak+uncovered
A2_dc53741f11,fluoranthene+vinyl,C=Cc1ccc2cccc3c2c1-c1ccccc1-3,A2,18,4ar-fused|carbo|sub:C,weak+uncovered
B_2b67d20a5c,azulene+CH3,Cc1ccccc2cccc1-2,B,11,2ar-fused|carbo|sub:C,weak
B_5e7991ffec,azulene+CH3,Cc1ccc2cccccc1-2,B,11,2ar-fused|carbo|sub:C,weak
B_6844266a97,azulene+CH3,Cc1cc2cccccc-2c1,B,11,2ar-fused|carbo|sub:C,weak
B_69789470db,naphthalene+CH3,Cc1ccc2ccccc2c1,B,11,2ar-fused|carbo|sub:C,weak
B_8effd6e843,azulene+CH3,Cc1cccc2cccc-2c1,B,11,2ar-fused|carbo|sub:C,weak
B_c9772a2a74,azulene+CH3,Cc1ccc2cccc-2cc1,B,11,2ar-fused|carbo|sub:C,weak
B_ea73419366,naphthalene+CH3,Cc1cccc2ccccc12,B,11,2ar-fused|carbo|sub:C,weak
B_07323ce7a0,azulene+vinyl,C=Cc1cc2cccccc-2c1,B,12,2ar-fused|carbo|sub:C,weak
B_418af4c6b1,azulene+vinyl,C=Cc1ccccc2cccc1-2,B,12,2ar-fused|carbo|sub:C,weak
B_528f23c0c1,azulene+vinyl,C=Cc1ccc2cccccc1-2,B,12,2ar-fused|carbo|sub:C,weak
B_53d9218331,naphthalene+ethynyl,C#Cc1cccc2ccccc12,B,12,2ar-fused|carbo|sub:C,weak
B_575b793a47,azulene+ethynyl,C#Cc1cccc2cccc-2c1,B,12,2ar-fused|carbo|sub:C,weak
B_721108df0f,naphthalene+ethynyl,C#Cc1ccc2ccccc2c1,B,12,2ar-fused|carbo|sub:C,weak
B_87958e4a59,naphthalene+CH3+CH3,Cc1cccc2cccc(C)c12,B,12,2ar-fused|carbo|sub:C,weak
B_9157579886,azulene+vinyl,C=Cc1ccc2cccc-2cc1,B,12,2ar-fused|carbo|sub:C,weak
B_96e87a0239,naphthalene+CH3+CH3,Cc1ccc(C)c2ccccc12,B,12,2ar-fused|carbo|sub:C,weak
B_aa6a9a2c08,naphthalene+vinyl,C=Cc1ccc2ccccc2c1,B,12,2ar-fused|carbo|sub:C,weak
B_b5ab2b5259,naphthalene+CH3+CH3,Cc1ccc2ccc(C)cc2c1,B,12,2ar-fused|carbo|sub:C,weak
B_bae7fcfc1c,azulene+ethynyl,C#Cc1ccccc2cccc1-2,B,12,2ar-fused|carbo|sub:C,weak
B_bc35bc0e4a,azulene+vinyl,C=Cc1cccc2cccc-2c1,B,12,2ar-fused|carbo|sub:C,weak
B_6d2dfc6a0b,naphthalene+CH3+CN,Cc1cc(C#N)c2ccccc2c1,B,13,2ar-fused|carbo|sub:CN,weak
B_7691318a61,naphthalene+NH2+CN,N#Cc1cc(N)cc2ccccc12,B,13,2ar-fused|carbo|sub:CN,weak
B_76b43111a4,naphthalene+NH2+ethynyl,C#Cc1ccc2cccc(N)c2c1,B,13,2ar-fused|carbo|sub:CN,weak
B_7d4cfab416,naphthalene+NH2+vinyl,C=Cc1ccc2ccccc2c1N,B,13,2ar-fused|carbo|sub:CN,weak
B_83b8b6699f,naphthalene+CH3+CN,N#CCc1cccc2ccccc12,B,13,2ar-fused|carbo|sub:CN,weak
B_841bf77070,naphthalene+NH2+vinyl,C=Cc1ccc2ccc(N)cc2c1,B,13,2ar-fused|carbo|sub:CN,weak
B_8aab566048,naphthalene+NH2+vinyl,C=Cc1ccc2cc(N)ccc2c1,B,13,2ar-fused|carbo|sub:CN,weak
B_8b6968c8a3,naphthalene+NH2+CN,N#Cc1ccc2cc(N)ccc2c1,B,13,2ar-fused|carbo|sub:CN,weak
B_8cf1dab100,naphthalene+NH2+CN,N#Cc1c(N)ccc2ccccc12,B,13,2ar-fused|carbo|sub:CN,weak
B_8d8105c2c3,naphthalene+NH2+ethynyl,C#Cc1cccc2cc(N)ccc12,B,13,2ar-fused|carbo|sub:CN,weak
B_8e32c6cf5e,naphthalene+NH2+CN,N#Cc1cccc2c(N)cccc12,B,13,2ar-fused|carbo|sub:CN,weak
B_964dab3390,naphthalene+NH2+CN,N#Cc1ccc2ccccc2c1N,B,13,2ar-fused|carbo|sub:CN,weak
B_9a23c4b2f4,naphthalene+vinyl+NH2,C=C(N)c1ccc2ccccc2c1,B,13,2ar-fused|carbo|sub:CN,weak
B_9c45118ab1,naphthalene+NH2+vinyl,C=Cc1ccc2cccc(N)c2c1,B,13,2ar-fused|carbo|sub:CN,weak
B_9f4d89d032,naphthalene+CH3+CN,Cc1cccc2c(C#N)cccc12,B,13,2ar-fused|carbo|sub:CN,weak
B_a8644b7f4b,naphthalene+NH2+vinyl,C=Cc1cccc2ccc(N)cc12,B,13,2ar-fused|carbo|sub:CN,weak
B_aba72435c2,naphthalene+NH2+CN,N#Cc1cc(N)c2ccccc2c1,B,13,2ar-fused|carbo|sub:CN,weak
B_acdd78d16e,naphthalene+CH3+CN,N#CCc1ccc2ccccc2c1,B,13,2ar-fused|carbo|sub:CN,weak
B_aeaa830907,naphthalene+NH2+CN,N#Cc1ccc2c(N)cccc2c1,B,13,2ar-fused|carbo|sub:CN,weak
B_af98befa59,naphthalene+CH3+CN,Cc1ccc(C#N)c2ccccc12,B,13,2ar-fused|carbo|sub:CN,weak
B_e7b077a3c9,naphthalene+NH2+OCH3,COc1cc2ccccc2cc1N,B,13,2ar-fused|carbo|sub:CNO,weak
B_e8b62181c9,naphthalene+OH+CN,N#Cc1cc(O)c2ccccc2c1,B,13,2ar-fused|carbo|sub:CNO,weak
B_eaefebfa45,naphthalene+NH2+CHO,Nc1cccc2c(C=O)cccc12,B,13,2ar-fused|carbo|sub:CNO,weak
B_efcef7e5bb,naphthalene+NH2+CHO,Nc1cccc2cccc(C=O)c12,B,13,2ar-fused|carbo|sub:CNO,weak
B_f1ecb3c328,naphthalene+OH+CN,N#Cc1cc(O)cc2ccccc12,B,13,2ar-fused|carbo|sub:CNO,weak
B_f286ab11b7,azulene+CONH2,NC(=O)c1ccc2cccc-2cc1,B,13,2ar-fused|carbo|sub:CNO,weak
B_f5001c259a,naphthalene+NH2+CHO,Nc1cc2ccccc2cc1C=O,B,13,2ar-fused|carbo|sub:CNO,weak
B_f867e39756,naphthalene+OH+CN,N#Cc1ccc2ccc(O)cc2c1,B,13,2ar-fused|carbo|sub:CNO,weak
B_f96a132e58,naphthalene+NH2+CHO,Nc1ccc2cc(C=O)ccc2c1,B,13,2ar-fused|carbo|sub:CNO,weak
B_fdd6710cd5,naphthalene+OH+CN,N#Cc1cc2ccccc2cc1O,B,13,2ar-fused|carbo|sub:CNO,weak
B_fdf4d0f581,naphthalene+NH2+OCH3,COc1ccc(N)c2ccccc12,B,13,2ar-fused|carbo|sub:CNO,weak
B_ff291d4633,naphthalene+OH+CN,N#Cc1ccc2c(O)cccc2c1,B,13,2ar-fused|carbo|sub:CNO,weak
B_0e8171c17b,naphthalene+CH3+NO2,Cc1c([N+](=O)[O-])ccc2ccccc12,B,14,2ar-fused|carbo|sub:CNO,weak
B_0f25663eb1,naphthalene+NH2+CONH2,NC(=O)c1ccc2cccc(N)c2c1,B,14,2ar-fused|carbo|sub:CNO,weak
B_183d2acc0b,naphthalene+NH2+COOH,Nc1cc2ccccc2cc1C(=O)O,B,14,2ar-fused|carbo|sub:CNO,weak
B_1ca1f0e9fc,naphthalene+CH3+CONH2,NC(=O)Cc1cccc2ccccc12,B,14,2ar-fused|carbo|sub:CNO,weak
B_1e2dc3c8cd,naphthalene+CH3+CONH2,NC(=O)Cc1ccc2ccccc2c1,B,14,2ar-fused|carbo|sub:CNO,weak
B_1fefb6cc3f,naphthalene+NH2+CONH2,NC(=O)c1cccc2ccc(N)cc12,B,14,2ar-fused|carbo|sub:CNO,weak
B_220dc8a6e7,naphthalene+CN+OCH3,COc1ccc2ccc(C#N)cc2c1,B,14,2ar-fused|carbo|sub:CNO,weak
B_2f8abd6e48,naphthalene+CN+CHO,N#Cc1c(C=O)ccc2ccccc12,B,14,2ar-fused|carbo|sub:CNO,weak
B_61e693ddf4,naphthalene+Cl+Cl,Clc1cc2ccccc2cc1Cl,B,12,2ar-fused|carbo|sub:Cl,uncovered
B_6749c67123,naphthalene+Cl+Cl,Clc1cc(Cl)c2ccccc2c1,B,12,2ar-fused|carbo|sub:Cl,uncovered
B_93138128b0,naphthalene+Cl+Cl,Clc1cccc2cccc(Cl)c12,B,12,2ar-fused|carbo|sub:Cl,uncovered
B_979723f9c6,naphthalene+Cl+Cl,Clc1ccc2ccccc2c1Cl,B,12,2ar-fused|carbo|sub:Cl,uncovered
B_af161b627f,naphthalene+Cl+Cl,Clc1ccc2cccc(Cl)c2c1,B,12,2ar-fused|carbo|sub:Cl,uncovered
B_b00868e03b,naphthalene+Cl+Cl,Clc1ccc(Cl)c2ccccc12,B,12,2ar-fused|carbo|sub:Cl,uncovered
B_45b3b53196,naphthalene+NH2+NH2,Nc1ccc2cc(N)ccc2c1,B,12,2ar-fused|carbo|sub:N,uncovered
B_52950ce855,naphthalene+NH2+NH2,Nc1ccc2ccc(N)cc2c1,B,12,2ar-fused|carbo|sub:N,uncovered
B_611a685852,naphthalene+NH2+NH2,Nc1ccc(N)c2ccccc12,B,12,2ar-fused|carbo|sub:N,uncovered
B_7267529aef,naphthalene+NH2+NH2,Nc1cc2ccccc2cc1N,B,12,2ar-fused|carbo|sub:N,uncovered
B_9ba57e9f48,naphthalene+NH2+NH2,Nc1cccc2c(N)cccc12,B,12,2ar-fused|carbo|sub:N,uncovered
B_c895ab8851,naphthalene+NH2+NH2,Nc1ccc2ccccc2c1N,B,12,2ar-fused|carbo|sub:N,uncovered
B_ab374f06c8,naphthalene+F+F,Fc1ccc2cccc(F)c2c1,B,12,2ar-fused|carbo|sub:F,uncovered
B_bd461c8dca,naphthalene+F+F,Fc1cc2ccccc2cc1F,B,12,2ar-fused|carbo|sub:F,uncovered
B_c1711955af,naphthalene+F+F,Fc1ccc2cc(F)ccc2c1,B,12,2ar-fused|carbo|sub:F,uncovered
B_d0f6c11be0,naphthalene+F+F,Fc1ccc(F)c2ccccc12,B,12,2ar-fused|carbo|sub:F,uncovered
B_d34361e5dc,naphthalene+F+F,Fc1ccc2ccccc2c1F,B,12,2ar-fused|carbo|sub:F,uncovered
B_daf9f7a797,naphthalene+F+F,Fc1cccc2cccc(F)c12,B,12,2ar-fused|carbo|sub:F,uncovered
B_3de4bbc425,naphthalene+SH+SH,Sc1ccc2ccccc2c1S,B,12,2ar-fused|carbo|sub:S,uncovered
B_41005ebbcf,naphthalene+SH+SH,Sc1ccc2cc(S)ccc2c1,B,12,2ar-fused|carbo|sub:S,uncovered
B_46817a4a9c,naphthalene+SH+SH,Sc1cccc2cccc(S)c12,B,12,2ar-fused|carbo|sub:S,uncovered
B_72c080cc6a,naphthalene+SH+SH,Sc1cc2ccccc2cc1S,B,12,2ar-fused|carbo|sub:S,uncovered
B_90cadecabf,naphthalene+SH+SH,Sc1cccc2c(S)cccc12,B,12,2ar-fused|carbo|sub:S,uncovered
B_aea65110c9,naphthalene+SH+SH,Sc1ccc2cccc(S)c2c1,B,12,2ar-fused|carbo|sub:S,uncovered
B_aa52ba334f,naphthalene+OH+NH2,Nc1ccc(O)c2ccccc12,B,12,2ar-fused|carbo|sub:NO,uncovered
B_b492bb2277,naphthalene+OH+NH2,Nc1ccc2cccc(O)c2c1,B,12,2ar-fused|carbo|sub:NO,uncovered
B_c6e6aeeeeb,naphthalene+OH+NH2,Nc1ccc2ccc(O)cc2c1,B,12,2ar-fused|carbo|sub:NO,uncovered
B_ecc9fd5550,naphthalene+OH+NH2,Nc1cc2ccccc2cc1O,B,12,2ar-fused|carbo|sub:NO,uncovered
B_fbf0a5ac49,naphthalene+OH+NH2,Nc1cc(O)c2ccccc2c1,B,12,2ar-fused|carbo|sub:NO,uncovered
B_1eb4cdaf07,naphthalene+NO2,O=[N+]([O-])c1cccc2ccccc12,B,13,2ar-fused|carbo|sub:NO,uncovered
B_78ccd953e6,styrene+NH2,C=Cc1ccccc1N,B,9,1ar|carbo|sub:CN,uncovered
B_81045dd023,benzene+CH3+CN,N#CCc1ccccc1,B,9,1ar|carbo|sub:CN,uncovered
B_93305bf401,benzene+NH2+ethynyl,C#Cc1cccc(N)c1,B,9,1ar|carbo|sub:CN,uncovered
B_9ca317c963,benzene+NH2+CN,N#Cc1ccccc1N,B,9,1ar|carbo|sub:CN,uncovered
B_be49f011e4,benzene+NH2+CN,N#Cc1ccc(N)cc1,B,9,1ar|carbo|sub:CN,uncovered
B_c8211e1f98,styrene+NH2,C=Cc1cccc(N)c1,B,9,1ar|carbo|sub:CN,uncovered
A2_4e28c57e56,dibenzothiophene+CONH2,NC(=O)c1ccc2c(c1)sc1ccccc12,A2,16,3ar-fused|ring-S|sub:CNO,new-kind
A2_561f93ce7a,dibenzofuran+F,Fc1ccc2oc3ccccc3c2c1,A2,14,3ar-fused|ring-O|sub:F,new-kind
A2_5860972cdb,dibenzothiophene+NO2,O=[N+]([O-])c1cccc2c1sc1ccccc12,A2,16,3ar-fused|ring-S|sub:NO,new-kind
A2_5a44317836,dibenzofuran+CONH2,NC(=O)c1ccc2oc3ccccc3c2c1,A2,16,3ar-fused|ring-O|sub:CNO,new-kind
A2_761a97450a,dibenzothiophene+OH,Oc1ccc2c(c1)sc1ccccc12,A2,14,3ar-fused|ring-S|sub:O,new-kind
A2_79447e7e0c,fluoranthene+F,Fc1cccc2c1-c1cccc3cccc-2c13,A2,17,4ar-fused|carbo|sub:F,new-kind
A2_7fd1ecdc80,dibenzothiophene+Cl,Clc1ccc2sc3ccccc3c2c1,A2,14,3ar-fused|ring-S|sub:Cl,new-kind
A2_94dbd0aeae,dibenzofuran+NH2,Nc1cccc2c1oc1ccccc12,A2,14,3ar-fused|ring-O|sub:N,new-kind
A2_b8b22355b0,dibenzofuran+SH,Sc1ccc2c(c1)oc1ccccc12,A2,14,3ar-fused|ring-O|sub:S,new-kind
B_23146d5929,naphthalene+F+SH,Fc1ccc2ccc(S)cc2c1,B,12,2ar-fused|carbo|sub:FS,new-kind
B_239e1d7f68,benzothiophene+NH2,Nc1cc2ccccc2s1,B,10,2ar-fused|ring-S|sub:N,new-kind
B_5930e3b561,furan+CH3,Cc1ccoc1,B,6,1ar|ring-O|sub:C,new-kind
B_2905f0634b,benzothiophene+SH,Sc1cccc2ccsc12,B,10,2ar-fused|ring-S|sub:S,new-kind
B_2d1935b1a2,pyridine+CF3+SH,FC(F)(F)c1ccc(S)nc1,B,11,1ar|ring-N|sub:CFS,new-kind
B_2dbc50ca33,thiazole+CONH2,NC(=O)c1cscn1,B,8,1ar|ring-NS|sub:CNO,new-kind
B_2e2f0f7872,benzene+OH+OH,Oc1ccc(O)cc1,B,8,1ar|carbo|sub:O,new-kind
B_302bf4b0be,pyridine+Cl+NO2,O=[N+]([O-])c1cc(Cl)ccn1,B,10,1ar|ring-N|sub:ClNO,new-kind
B_30e116e485,benzothiophene+NO2,O=[N+]([O-])c1cccc2ccsc12,B,12,2ar-fused|ring-S|sub:NO,new-kind
B_5e1674a648,thiophene+CH3,Cc1ccsc1,B,6,1ar|ring-S|sub:C,new-kind
B_3267c6d243,biphenyl+F,Fc1cccc(-c2ccccc2)c1,B,13,2ar|carbo|sub:F,new-kind
B_3269ce56be,benzofuran+CONH2,NC(=O)c1coc2ccccc12,B,12,2ar-fused|ring-O|sub:CNO,new-kind
B_334e5863b3,benzene+NO2+SH,O=[N+]([O-])c1ccc(S)cc1,B,10,1ar|carbo|sub:NOS,new-kind
B_33f5f8ad13,benzothiophene+Cl,Clc1cccc2sccc12,B,10,2ar-fused|ring-S|sub:Cl,new-kind
B_3536fb0e3b,benzothiophene+F,Fc1cc2ccccc2s1,B,10,2ar-fused|ring-S|sub:F,new-kind
B_35b867fffb,benzene+F+NO2,O=[N+]([O-])c1ccc(F)cc1,B,10,1ar|carbo|sub:FNO,new-kind
B_366249424b,naphthalene+OH+SH,Oc1cc2ccccc2cc1S,B,12,2ar-fused|carbo|sub:OS,new-kind
B_376991603a,benzene+CF3+SH,FC(F)(F)c1ccc(S)cc1,B,11,1ar|carbo|sub:CFS,new-kind
B_3798ad12af,benzofuran+NO2,O=[N+]([O-])c1ccc2ccoc2c1,B,12,2ar-fused|ring-O|sub:NO,new-kind
B_39a7f9e288,benzothiophene+OH,Oc1cc2ccccc2s1,B,10,2ar-fused|ring-S|sub:O,new-kind
B_3ba7593fcc,benzothiophene+CN,N#Cc1cc2ccccc2s1,B,11,2ar-fused|ring-S|sub:CN,new-kind
B_3c0503c8c9,benzene+NH2+SH,Nc1cccc(S)c1,B,8,1ar|carbo|sub:NS,new-kind
B_53b666fdfb,benzene+CHO+Cl,O=C(Cl)c1ccccc1,B,9,1ar|carbo|sub:CClO,new-kind
B_3cff354cf8,benzothiophene+OCH3,COc1csc2ccccc12,B,11,2ar-fused|ring-S|sub:CO,new-kind
B_3f0ab80318,pyridine+Cl+SH,Sc1ccnc(Cl)c1,B,8,1ar|ring-N|sub:ClS,new-kind
B_3f788869b2,oxazole+NO2,O=[N+]([O-])c1cocn1,B,8,1ar|ring-NO|sub:NO,new-kind
B_41add9c7b8,benzofuran+NH2,Nc1cccc2occc12,B,10,2ar-fused|ring-O|sub:N,new-kind
B_d544d2b0a9,benzene+CH3+SH,Cc1ccccc1S,B,8,1ar|carbo|sub:CS,new-kind
B_42d705cf30,thiophene+OH,Oc1ccsc1,B,6,1ar|ring-S|sub:O,new-kind
B_4301dd626b,furan+CF3,FC(F)(F)c1ccoc1,B,9,1ar|ring-O|sub:CF,new-kind
B_6b192826b4,thiophene+OCH3,COc1ccsc1,B,7,1ar|ring-S|sub:CO,new-kind
B_474bc0e0de,thiophene+Cl,Clc1ccsc1,B,6,1ar|ring-S|sub:Cl,new-kind
B_4775e3d206,furan+F,Fc1ccoc1,B,6,1ar|ring-O|sub:F,new-kind
B_47c11e1167,oxazole+Cl,Clc1cnco1,B,6,1ar|ring-NO|sub:Cl,new-kind
B_48c818683c,benzofuran+SH,Sc1coc2ccccc12,B,10,2ar-fused|ring-O|sub:S,new-kind
B_49caace721,benzene+OH+F,Oc1cccc(F)c1,B,8,1ar|carbo|sub:FO,new-kind
B_49f6aafb0f,benzene+NH2+F,Nc1ccccc1F,B,8,1ar|carbo|sub:FN,new-kind
B_4a7510f762,naphthalene+F+Cl,Fc1cccc2ccc(Cl)cc12,B,12,2ar-fused|carbo|sub:ClF,new-kind
B_c4022f58c8,benzene+SH,Sc1ccccc1,B,7,1ar|carbo|sub:S,new-kind
B_4ba0ad56fe,benzene+Cl+CN,N#Cc1ccc(Cl)cc1,B,9,1ar|carbo|sub:CClN,new-kind
B_4dfa490d29,furan+CONH2,NC(=O)c1ccoc1,B,8,1ar|ring-O|sub:CNO,new-kind
B_4e03831ee2,furan+OH,Oc1ccco1,B,6,1ar|ring-O|sub:O,new-kind
B_551c64ecd0,benzofuran+CF3,FC(F)(F)c1cccc2ccoc12,B,13,2ar-fused|ring-O|sub:CF,new-kind
B_57037dc6ec,oxazole+NH2,Nc1cnco1,B,6,1ar|ring-NO|sub:N,new-kind
B_5965e68639,benzene+F+Cl,Fc1ccccc1Cl,B,8,1ar|carbo|sub:ClF,new-kind
B_5bd3c32160,benzene+OH+SH,Oc1ccc(S)cc1,B,8,1ar|carbo|sub:OS,new-kind
B_5bef720636,thiazole+CN,N#Cc1cscn1,B,7,1ar|ring-NS|sub:CN,new-kind
B_5d4a60cf29,benzene+F+SH,Fc1ccc(S)cc1,B,8,1ar|carbo|sub:FS,new-kind
B_9e83fe5a5d,benzene+NH2,Nc1ccccc1,B,7,1ar|carbo|sub:N,new-kind
B_62873079df,thiazole+F,Fc1nccs1,B,6,1ar|ring-NS|sub:F,new-kind
B_62d9580998,oxazole+CF3,FC(F)(F)c1cocn1,B,9,1ar|ring-NO|sub:CF,new-kind
B_65e770d235,benzene+Cl+NO2,O=[N+]([O-])c1cccc(Cl)c1,B,10,1ar|carbo|sub:ClNO,new-kind
B_6b75be0dd6,benzene+Cl+CF3,FC(F)(F)c1cccc(Cl)c1,B,11,1ar|carbo|sub:CClF,new-kind
B_6d5f64b433,biphenyl+CF3,FC(F)(F)c1ccccc1-c1ccccc1,B,16,2ar|carbo|sub:CF,new-kind
B_701399240b,benzene+Cl+Cl,Clc1ccc(Cl)cc1,B,8,1ar|carbo|sub:Cl,new-kind
B_713d099843,thiophene+CONH2,NC(=O)c1cccs1,B,8,1ar|ring-S|sub:CNO,new-kind
B_7302967dc1,thiophene+F,Fc1ccsc1,B,6,1ar|ring-S|sub:F,new-kind
B_743f181a68,biphenyl+NH2,Nc1ccccc1-c1ccccc1,B,13,2ar|carbo|sub:N,new-kind
B_7642746209,benzene+Cl+SH,Sc1ccc(Cl)cc1,B,8,1ar|carbo|sub:ClS,new-kind
B_78ca0d9b6e,thiophene+CF3,FC(F)(F)c1cccs1,B,9,1ar|ring-S|sub:CF,new-kind
B_7c1d27d043,oxazole+SH,Sc1cnco1,B,6,1ar|ring-NO|sub:S,new-kind
B_7f076568d7,thiophene+SH,Sc1cccs1,B,6,1ar|ring-S|sub:S,new-kind
B_8023bb85c5,thiophene+CN,N#Cc1cccs1,B,7,1ar|ring-S|sub:CN,new-kind
B_804727252a,biphenyl+Cl,Clc1ccc(-c2ccccc2)cc1,B,13,2ar|carbo|sub:Cl,new-kind
B_96e2068206,furan+NH2,Nc1ccoc1,B,6,1ar|ring-O|sub:N,new-kind
B_9755444839,thiazole+SH,Sc1cncs1,B,6,1ar|ring-NS|sub:S,new-kind
B_9c2b1b4bb2,oxazole+F,Fc1ncco1,B,6,1ar|ring-NO|sub:F,new-kind
B_ae8d6e0581,furan+CHO,O=Cc1ccco1,B,7,1ar|ring-O|sub:CO,new-kind
B_a22fdf614b,benzene+OH+Cl,Oc1ccc(Cl)cc1,B,8,1ar|carbo|sub:ClO,new-kind
B_a86904146d,furan+SH,Sc1ccoc1,B,6,1ar|ring-O|sub:S,new-kind
B_b0a54d2e8a,thiophene+NH2,Nc1ccsc1,B,6,1ar|ring-S|sub:N,new-kind
B_bcfa65895c,furan+NO2,O=[N+]([O-])c1ccoc1,B,8,1ar|ring-O|sub:NO,new-kind
B_bd561bf691,oxazole+OH,Oc1cocn1,B,6,1ar|ring-NO|sub:O,new-kind
B_c2a6777bfb,benzene+Cl+CONH2,NC(=O)c1ccc(Cl)cc1,B,10,1ar|carbo|sub:CClNO,new-kind
B_d2426b91b9,furan+CN,N#Cc1ccco1,B,7,1ar|ring-O|sub:CN,new-kind
B_eb2a6ccfdd,thiazole+NH2,Nc1cncs1,B,6,1ar|ring-NS|sub:N,new-kind
